<assembly xmlns="http://maven.apache.org/plugins/maven-assembly-plugin/assembly/1.1.3"
          xmlns:xsi="http://www.w3.org/2001/XMLSchema-instance"
          xsi:schemaLocation="http://maven.apache.org/plugins/maven-assembly-plugin/assembly/1.1.3 http://maven.apache.org/xsd/assembly-1.1.3.xsd">
    <id>bin</id>
    <formats>
        <format>zip</format>
    </formats>
    <includeBaseDirectory>false</includeBaseDirectory>
    <fileSets>
        <fileSet>
            <directory>${project.basedir}</directory>
            <outputDirectory>/</outputDirectory>
            <includes>
                <include>manifest.json</include>
                <include>build.sh</include>
                <include>clustered_app.sh</include>
            </includes>
        </fileSet>
        <fileSet>
            <directory>${project.build.directory}</directory>
            <outputDirectory>/target</outputDirectory>
            <includes>
                <include>bin/**</include>
                <include>repo/**</include>
                <!-- include>webapp/**</include -->
            </includes>
            <excludes>
                <exclude>*.zip</exclude>
            </excludes>
        </fileSet>
        <fileSet>
            <directory>src/main/</directory>
            <outputDirectory>/target</outputDirectory>
            <includes>
                <include>webapp/**</include>
            </includes>
        </fileSet>
    </fileSets>
</assembly>